,precision,recall,f1-score,support
0,0.8888888888888888,0.8182648401826484,0.8521160247265811,1095.0
1,0.9303221288515406,0.9595521849042976,0.9447111111111111,2769.0
accuracy,0.9195134575569358,0.9195134575569358,0.9195134575569358,0.9195134575569358
macro avg,0.9096055088702147,0.888908512543473,0.8984135679188461,3864.0
weighted avg,0.9185805662844848,0.9195134575569358,0.9184710439291597,3864.0
