,precision,recall,f1-score,support
0,0.8355104015481374,0.8519980266403552,0.8436736687835857,2027.0
1,0.8330550918196995,0.8149156232988568,0.8238855255916345,1837.0
accuracy,0.8343685300207039,0.8343685300207039,0.8343685300207039,0.8343685300207039
macro avg,0.8342827466839184,0.8334568249696059,0.8337795971876101,3864.0
weighted avg,0.8343431127357305,0.8343685300207039,0.8342661069192963,3864.0
